id,name,artist,album,release_date,duration_ms,popularity,danceability,energy,key,loudness,mode,speechiness,acousticness,instrumentalness,liveness,valence,tempo,time_signature
4b3rGL8LDSkbARUUA20136,VENOM,Stray Kids,ODDINARY,2022-03-18,194840,73,0.812,0.807,9,-3.354,1,0.339,0.11,0.0,0.211,0.4,136.979,4
63irPUP3xB74fHdw1Aw9zR,MANIAC,Stray Kids,ODDINARY,2022-03-18,182757,82,0.581,0.8,1,-2.613,1,0.411,0.154,0.0,0.0697,0.709,119.872,5
4QDpsNBlllaLGj8zbF2EE0,Charmer,Stray Kids,ODDINARY,2022-03-18,188573,74,0.786,0.762,1,-2.508,1,0.0519,0.0524,1.04e-05,0.0971,0.731,90.963,4
2L7hSYdvF0CtaM6JisfKEG,FREEZE,Stray Kids,ODDINARY,2022-03-18,178386,70,0.643,0.868,11,-2.715,0,0.146,0.00674,0.0,0.0691,0.657,159.874,4
2xo84jGkxFPrZmmBtS3Pkd,Lonely St.,Stray Kids,ODDINARY,2022-03-18,164853,68,0.686,0.825,7,-3.192,1,0.0582,0.248,0.0,0.0761,0.603,90.053,4
2LzRBroL4J9pXLf1Nsen4s,"Waiting For Us (Bang Chan, Lee Know, Seungmin, I.N)",Stray Kids,ODDINARY,2022-03-18,219506,66,0.419,0.595,3,-3.925,1,0.0278,0.102,0.0,0.0895,0.347,87.822,4
0oHn3CGVerdfLqIrN6CT42,"Muddy Water (Changbin, Hyunjin, HAN, Felix)",Stray Kids,ODDINARY,2022-03-18,197360,68,0.76,0.871,1,-4.741,1,0.231,0.306,0.0,0.079,0.888,89.989,4
0bqTleRlZBXtueX1fyVlcc,Scars - Korean Ver.,Stray Kids,SKZ2021,2021-12-23,199373,55,0.494,0.693,5,-4.038,1,0.146,0.0719,0.0,0.0899,0.444,159.719,4
3vaCSLh9vDnG75rIbD2l3f,Awaken,Stray Kids,SKZ2021,2021-12-23,193975,55,0.488,0.929,9,-2.606,0,0.292,0.147,0.0,0.397,0.503,164.025,4
6p4pfgTkaktK4sp3ZP7NzA,ROCK,Stray Kids,SKZ2021,2021-12-23,193469,55,0.771,0.848,9,-4.279,0,0.174,0.019,0.000244,0.0458,0.48,141.992,4
26TIfStHIKPlgzr4PkTB0i,3rd Eye,Stray Kids,SKZ2021,2021-12-23,243960,55,0.676,0.727,5,-4.676,0,0.276,0.254,0.0,0.112,0.382,139.844,4
62x6J6Mfom0h7J509dvusH,Placebo,Stray Kids,SKZ2021,2021-12-23,234660,55,0.798,0.809,3,-4.154,1,0.0991,0.0359,0.0,0.0814,0.583,100.024,4
27ONBeTAyqpBJG2Nv01qdf,Insomnia,Stray Kids,SKZ2021,2021-12-23,206430,56,0.639,0.82,11,-3.529,0,0.365,0.212,0.0,0.0823,0.802,167.909,4
4PpMKj0qmas8OncPsDH7F1,Behind The Light,Stray Kids,SKZ2021,2021-12-23,270003,54,0.617,0.527,3,-6.416,1,0.0769,0.457,0.0,0.122,0.508,173.882,4
2yTpNVq1gSpfaW9TNNtqeM,My Side,Stray Kids,SKZ2021,2021-12-23,216788,53,0.564,0.912,5,-4.952,1,0.0898,0.00387,7.77e-06,0.198,0.38,166.003,4
4awANMW1SGfKtN5283lWjN,N/S,Stray Kids,SKZ2021,2021-12-23,224042,59,0.81,0.659,4,-4.882,0,0.0652,0.00209,0.0,0.123,0.369,130.024,4
0V1nMNKvNsPfq3KAQ3wDp6,0325,Stray Kids,SKZ2021,2021-12-23,218442,54,0.52,0.918,9,-3.886,0,0.139,0.00751,0.0,0.319,0.711,170.081,4
3kSuhOJll1HiI05IFJ72SR,For You,Stray Kids,SKZ2021,2021-12-23,249432,53,0.76,0.644,1,-7.13,1,0.041,0.158,0.0,0.282,0.663,114.012,4
4ppuLW4bGqMhRK90XMEzcb,Maze of Memories,Stray Kids,SKZ2021,2021-12-23,175186,56,0.624,0.676,10,-4.588,0,0.237,0.105,0.0,0.101,0.082,129.272,4
5IqYohaBtPHl30pE07RGqO,Broken Compass,Stray Kids,SKZ2021,2021-12-23,221453,54,0.674,0.909,5,-3.395,0,0.19,0.12,0.0,0.107,0.649,98.093,4
1QpB7Lk986qwjOBiZbLSxP,Hoodie Season,Stray Kids,SKZ2021,2021-12-23,234177,56,0.748,0.746,6,-6.754,0,0.0673,0.00976,0.0,0.0645,0.714,89.966,4
7qpSatdWQcRHA3hpedL2u4,CHEESE,Stray Kids,NOEASY,2021-08-23,182080,67,0.376,0.946,2,-2.388,1,0.268,0.0302,0.0,0.147,0.581,89.657,3
0nwTMzpatarzvLvtwwzdCt,Thunderous,Stray Kids,NOEASY,2021-08-23,183266,77,0.601,0.786,1,-3.706,1,0.234,0.213,0.0,0.209,0.79,172.156,4
6Ib6RkvLBMD85bov85apSL,DOMINO,Stray Kids,NOEASY,2021-08-23,198720,69,0.687,0.866,7,-2.01,1,0.0466,0.0301,0.0,0.0755,0.696,160.066,4
238HdxvQkmYeSyo6qkPQoU,SSICK,Stray Kids,NOEASY,2021-08-23,190146,61,0.667,0.829,5,-2.922,0,0.0946,0.0149,0.0,0.428,0.505,170.009,4
5FM1V3qjHroqsXRBbL57rW,The View,Stray Kids,NOEASY,2021-08-23,201746,62,0.758,0.814,1,-4.132,1,0.106,0.0558,0.0,0.138,0.59,110.001,4
5kkOHHTccylnkYxDRgDWMs,"Sorry, I Love You",Stray Kids,NOEASY,2021-08-23,177613,63,0.743,0.661,1,-5.287,1,0.0736,0.362,0.0,0.204,0.602,100.039,4
5kBJH5gU89axZDauhfddpy,Silent Cry,Stray Kids,NOEASY,2021-08-23,209506,66,0.69,0.876,5,-2.503,0,0.091,0.139,0.0,0.281,0.592,104.0,4
1pLJ9T4v4p68otzCDonbc6,Secret Secret,Stray Kids,NOEASY,2021-08-23,209986,61,0.642,0.743,0,-4.649,1,0.0643,0.222,0.0,0.286,0.37,73.969,4
1LSHzXAZXQH9R1zSEFF8Hz,Star Lost,Stray Kids,NOEASY,2021-08-23,215240,60,0.745,0.867,0,-3.056,1,0.0734,0.0734,0.0,0.172,0.575,128.05,4
0LatE4S9UtCDwIdGQsFFKL,"Red Lights (Bang Chan, Hyunjin)",Stray Kids,NOEASY,2021-08-23,189906,72,0.707,0.74,11,-4.311,0,0.0509,0.179,0.0,0.612,0.336,127.974,4
1FdnsU6An1Ye3uBJe8j23c,"Surfin’ (Lee Know, Changbin, Felix)",Stray Kids,NOEASY,2021-08-23,191333,63,0.766,0.758,0,-4.647,1,0.0717,0.0531,0.0,0.253,0.535,104.96,4
6l8YJbgWzvh05e3Bnfw9lw,"Gone Away (HAN, Seungmin, I.N)",Stray Kids,NOEASY,2021-08-23,241280,60,0.497,0.743,1,-4.896,1,0.0608,0.169,0.0,0.363,0.393,143.838,4
0aWEt5aMfU2zYxE1tg2efw,WOLFGANG,Stray Kids,NOEASY,2021-08-23,190865,61,0.524,0.848,2,-3.48,0,0.122,0.0535,0.0,0.0786,0.135,161.672,4
2afx8zfrOsN3QVEWSx5IPp,Mixtape : OH,Stray Kids,NOEASY,2021-08-23,212480,65,0.745,0.685,11,-4.398,0,0.0693,0.204,0.0,0.151,0.628,87.982,4
1COXMzXT4JxnQCePCeptPP,ALL IN,Stray Kids,ALL IN,2020-10-27,187186,60,0.74,0.834,0,-5.751,1,0.293,0.0392,0.0,0.0568,0.775,139.961,4
6ilFCE6Ec0g4i6qbay0t6s,FAM,Stray Kids,ALL IN,2020-10-27,215066,56,0.885,0.788,7,-4.376,1,0.081,0.066,0.0,0.0688,0.335,105.03,4
4GyHQOpfrElhvKjIfXSEf3,One Day,Stray Kids,ALL IN,2020-10-27,193186,49,0.76,0.81,8,-5.209,1,0.081,0.146,0.0,0.072,0.542,145.054,4
3i5djonfd1bObNmcEcBDEO,神メニュー -Japanese ver.-,Stray Kids,ALL IN,2020-10-27,170786,43,0.684,0.82,5,-2.478,0,0.0504,0.00363,0.0,0.396,0.311,156.999,4
1lrgT4CLJNrZCNCF6Fwm0k,Back Door -Japanese ver.-,Stray Kids,ALL IN,2020-10-27,191360,43,0.826,0.832,7,-3.377,0,0.295,0.143,0.0,0.0741,0.664,107.984,4
6tuhGVjqfYYs0MYxapWibK,TOP -Japanese ver.-,Stray Kids,ALL IN,2020-10-27,188826,54,0.611,0.967,7,-1.576,1,0.147,0.00139,0.0,0.302,0.414,97.94,4
5duEyPwRu0D5RVLkVORqLG,SLUMP -Japanese ver.-,Stray Kids,ALL IN,2020-10-27,136133,55,0.598,0.813,7,-3.411,1,0.246,0.158,0.0,0.125,0.686,159.888,4
1Zv6xilw5El5P6frlNnYcH,The Tortoise and the Hare,Stray Kids,IN LIFE,2020-09-14,224365,60,0.674,0.854,11,-7.784,0,0.129,0.0603,0.16,0.268,0.176,154.072,4
0XuepwFJUcKN8T5zTqoP0F,Back Door,Stray Kids,IN LIFE,2020-09-14,189286,73,0.82,0.842,7,-3.853,1,0.272,0.157,0.0,0.112,0.653,107.952,4
5eIB5RjmpZTE2S83gvekvz,B Me,Stray Kids,IN LIFE,2020-09-14,205102,57,0.675,0.856,11,-2.354,0,0.12,0.0158,0.0,0.251,0.867,149.972,4
5S7kMbtEikXwCAHMu3R3jw,Any,Stray Kids,IN LIFE,2020-09-14,169140,61,0.879,0.868,3,-3.113,0,0.0632,0.0309,0.0,0.107,0.419,110.054,4
4y7C13wqDLE7xuilBsLNvd,Ex,Stray Kids,IN LIFE,2020-09-14,217225,60,0.677,0.729,5,-3.546,1,0.0715,0.481,0.0,0.167,0.388,90.072,4
5GhuFbB6NjKzehvws0GGUP,"We Go (Bang Chan, Changbin, HAN)",Stray Kids,IN LIFE,2020-09-14,157483,58,0.647,0.944,5,-3.947,0,0.0424,0.0652,0.0,0.0845,0.287,174.027,4
2i15lsdOIZb9PpuAFKO58Y,"Wow (Lee Know, Hyunjin, Felix)",Stray Kids,IN LIFE,2020-09-14,193811,61,0.731,0.723,8,-5.955,0,0.0678,0.0037,0.0,0.068,0.534,127.921,4
4a2TlUwtrzLwjcHe1vPvj9,"My Universe (Seungmin, I.N)",Stray Kids,IN LIFE,2020-09-14,203424,56,0.673,0.794,1,-3.664,1,0.0549,0.0741,0.0,0.132,0.349,92.038,4
41BTPMEIhFBAqij6IUnyzb,God’s Menu,Stray Kids,IN LIFE,2020-09-14,167922,52,0.689,0.771,5,-3.618,1,0.0548,0.00776,0.0,0.521,0.482,157.052,4
4lQGQuedW0yyrq1mGL3RMr,Easy,Stray Kids,IN LIFE,2020-09-14,183134,49,0.701,0.812,6,-5.175,0,0.0602,0.000219,1.03e-05,0.471,0.388,144.1,4
1QChR5f7Yavg2fA7Q11jdk,Pacemaker,Stray Kids,IN LIFE,2020-09-14,190602,44,0.795,0.874,2,-3.602,1,0.0601,0.0219,0.0,0.114,0.497,100.024,4
5wj0RESJiZI9HXnvXx2hvs,Airplane,Stray Kids,IN LIFE,2020-09-14,214726,44,0.796,0.813,5,-3.116,0,0.207,0.0756,0.0,0.0428,0.858,156.047,4
6fsrtPKAPL1erRl4oeDnOf,Another Day,Stray Kids,IN LIFE,2020-09-14,166968,44,0.848,0.453,2,-10.234,0,0.126,0.422,3.67e-05,0.333,0.54,94.991,4
16Xt6aWyMW5Ugb3nfsInJ3,Phobia,Stray Kids,IN LIFE,2020-09-14,212618,44,0.681,0.923,1,-3.387,1,0.042,0.0491,0.0,0.0769,0.551,141.996,4
55Nq3mwhH1p1FjDAzttnIN,Blueprint,Stray Kids,IN LIFE,2020-09-14,251300,45,0.744,0.77,7,-4.54,1,0.0599,0.0591,0.0,0.287,0.606,109.977,4
5u1H4quQm0W3sYP2OqvFIJ,TA,Stray Kids,IN LIFE,2020-09-14,208657,46,0.639,0.957,7,-3.157,1,0.236,0.00262,0.0,0.367,0.487,126.031,4
1cO6v3YyMx1BAULiUyDy8z,Haven,Stray Kids,IN LIFE,2020-09-14,199671,44,0.677,0.95,6,-3.535,0,0.0708,0.0529,0.0,0.102,0.593,129.973,4
65AJTgtczHH8LjbCfauT4n,GO LIVE,Stray Kids,GO LIVE,2020-06-17,110621,53,0.656,0.869,9,-7.606,1,0.102,0.0318,0.0688,0.0781,0.115,153.967,4
4XPXrcpyNr30Km6aPiflJy,God’s Menu,Stray Kids,GO LIVE,2020-06-17,167922,75,0.689,0.771,5,-3.618,1,0.0548,0.00776,0.0,0.521,0.482,157.052,4
4s9diT9GXpI7QiysMkoANG,Easy,Stray Kids,GO LIVE,2020-06-17,183134,65,0.701,0.812,6,-5.175,0,0.0602,0.000219,1.03e-05,0.471,0.388,144.1,4
4MHeQ9324LT2oNH1cu2l4Z,Pacemaker,Stray Kids,GO LIVE,2020-06-17,190602,56,0.795,0.874,2,-3.602,1,0.0601,0.0219,0.0,0.114,0.497,100.024,4
74nVZpjqAjZvuOWmu3I6o5,Airplane,Stray Kids,GO LIVE,2020-06-17,214726,57,0.796,0.813,5,-3.116,0,0.207,0.0756,0.0,0.0428,0.858,156.047,4
30YeoWowzWypZNSl6WNXAR,Another Day,Stray Kids,GO LIVE,2020-06-17,166968,59,0.848,0.453,2,-10.234,0,0.126,0.422,3.67e-05,0.333,0.54,94.991,4
1KC5Y3kIiHvEDdinY0OcRL,Phobia,Stray Kids,GO LIVE,2020-06-17,212618,57,0.681,0.923,1,-3.387,1,0.042,0.0491,0.0,0.0769,0.551,141.996,4
2JzOF5Ex1BfufuZ6DgvOPe,Blueprint,Stray Kids,GO LIVE,2020-06-17,251300,58,0.744,0.77,7,-4.54,1,0.0599,0.0591,0.0,0.287,0.606,109.977,4
1DOBBWtkabIjo955KkMLuQ,TA,Stray Kids,GO LIVE,2020-06-17,208657,58,0.639,0.957,7,-3.157,1,0.236,0.00262,0.0,0.367,0.487,126.031,4
1B960zmIFgde0TflN2q8Au,Haven,Stray Kids,GO LIVE,2020-06-17,199671,56,0.677,0.95,6,-3.535,0,0.0708,0.0529,0.0,0.102,0.593,129.973,4
4yosBfkEtlSLxH7n4PonsI,"TOP - ""Tower of God"" OP",Stray Kids,GO LIVE,2020-06-17,185552,57,0.615,0.941,7,-2.71,1,0.131,0.00316,0.0,0.237,0.247,97.924,4
7clTWebfXxZG2lQYe24luY,"SLUMP - ""Tower of God"" ED",Stray Kids,GO LIVE,2020-06-17,134792,56,0.608,0.873,7,-3.844,1,0.168,0.166,0.0,0.493,0.655,160.048,4
6hN2ugioAqMYH1GAjKJg6l,Mixtape : Gone Days,Stray Kids,GO LIVE,2020-06-17,194885,56,0.897,0.818,1,-4.74,1,0.0668,0.139,0.0,0.0465,0.875,135.029,4
6KIMwt89RFhB1iuUgHjXui,Mixtape : On Track,Stray Kids,GO LIVE,2020-06-17,208143,57,0.441,0.761,1,-3.472,1,0.1,0.178,0.0,0.523,0.615,171.288,3
552ixkxUI6snTyEcZUlYRN,STOP,Stray Kids,Clé : LEVANTER,2019-12-09,189513,52,0.772,0.862,4,-6.213,0,0.121,0.158,0.000582,0.193,0.196,128.025,4
3FYDQbIBLGEo3vOt65CSvc,Double Knot,Stray Kids,Clé : LEVANTER,2019-12-09,191546,56,0.752,0.738,5,-5.341,0,0.365,0.0541,0.0,0.526,0.585,146.944,4
3pfykZzHS6Zj5M9XH2yNY2,Levanter,Stray Kids,Clé : LEVANTER,2019-12-09,197706,56,0.56,0.695,9,-4.697,1,0.0588,0.00753,0.0,0.534,0.358,149.95,4
7wXRIqYoEZfNRsDs6pHcVO,Booster,Stray Kids,Clé : LEVANTER,2019-12-09,220648,53,0.655,0.877,1,-4.929,1,0.0925,0.0724,0.0,0.349,0.812,150.05,4
6vFqT0V376294bWF00nKdN,Astronaut,Stray Kids,Clé : LEVANTER,2019-12-09,180053,53,0.739,0.84,1,-6.555,0,0.104,0.0189,0.0,0.183,0.627,120.05,4
3GYmjbJ1EU4TOMEYuVMXu0,Sunshine,Stray Kids,Clé : LEVANTER,2019-12-09,222284,56,0.725,0.655,0,-5.763,0,0.0674,0.0835,0.0,0.157,0.492,143.018,4
4YQel4FiTWYHUn6TXMCuPa,You Can STAY,Stray Kids,Clé : LEVANTER,2019-12-09,208443,54,0.73,0.757,8,-7.042,1,0.0542,0.0153,0.0,0.111,0.356,94.986,4
514oWwgLFEyQfT2KvEyWW2,Road Not Taken,Stray Kids,Clé 2 : Yellow Wood,2019-06-19,95762,48,0.718,0.913,4,-4.195,0,0.129,0.272,0.00112,0.116,0.322,128.088,4
1Y2HN48G6Bkm4V3csQncJP,Side Effects,Stray Kids,Clé 2 : Yellow Wood,2019-06-19,193852,59,0.444,0.977,2,-1.736,1,0.145,0.0219,0.0,0.0545,0.118,129.975,4
1422xh2MWFcQmA73DYu8Pr,TMT,Stray Kids,Clé 2 : Yellow Wood,2019-06-19,207382,45,0.798,0.852,2,-3.225,1,0.0593,0.055,0.0,0.0821,0.6,131.98,4
6UhOswUV9JvRetBnEzMSOW,Mixtape#1,Stray Kids,Clé 2 : Yellow Wood,2019-06-19,252933,46,0.796,0.759,3,-3.613,1,0.0809,0.0338,0.0,0.0805,0.498,99.991,4
5fO3kEdjqnYDbYT0ME7SXg,Mixtape#2,Stray Kids,Clé 2 : Yellow Wood,2019-06-19,291844,49,0.602,0.504,3,-5.56,1,0.0707,0.525,0.0,0.219,0.482,173.96,4
6vLnqMPrANIoJ9SpEmgxXl,Mixtape#3,Stray Kids,Clé 2 : Yellow Wood,2019-06-19,257853,46,0.761,0.644,1,-7.35,1,0.0424,0.24,0.0,0.237,0.585,114.044,4
32QcDEOqmohzKUwTXRe82f,Mixtape#4,Stray Kids,Clé 2 : Yellow Wood,2019-06-19,231463,47,0.682,0.92,7,-3.168,0,0.184,0.0501,0.0,0.228,0.512,98.056,4
4Ikreq8yMoSmWFVsm2s8KB,Entrance,Stray Kids,Clé 1 : MIROH,2019-03-25,98760,43,0.664,0.788,1,-6.046,1,0.0376,0.0287,0.204,0.118,0.604,106.006,4
2sFWzfV3kqAwXEWM9BjzwH,MIROH,Stray Kids,Clé 1 : MIROH,2019-03-25,207617,66,0.564,0.979,9,-3.102,1,0.104,0.0091,0.0,0.249,0.505,126.059,4
6wXK7TjV2M3qnirQkAW3SU,Victory Song,Stray Kids,Clé 1 : MIROH,2019-03-25,196384,56,0.757,0.734,7,-4.535,1,0.0783,0.00426,0.0,0.183,0.499,103.046,4
2RuDEoJwqAmQknGXf9tnOL,Maze of Memories,Stray Kids,Clé 1 : MIROH,2019-03-25,175175,51,0.699,0.699,10,-4.049,0,0.273,0.194,0.0,0.108,0.0893,129.892,4
71PvMm5FkgzzLgaGZ43b8S,Boxer,Stray Kids,Clé 1 : MIROH,2019-03-25,200513,50,0.677,0.905,2,-3.421,1,0.105,0.00731,0.0,0.291,0.405,104.92,4
3C516RGJ7ADQpL04Nzhfjz,Chronosaurus,Stray Kids,Clé 1 : MIROH,2019-03-25,198671,49,0.502,0.874,2,-3.781,1,0.13,0.261,0.0,0.185,0.389,200.09,4
2Xc08tEA2sQsunrkLeJJ2D,19,Stray Kids,Clé 1 : MIROH,2019-03-25,205517,48,0.78,0.653,10,-5.107,1,0.175,0.39,0.0,0.093,0.397,105.185,4
3BJvGfUfRwXGbqQcIJOeDO,YOU.,Stray Kids,I am YOU,2018-10-22,78834,44,0.506,0.967,9,-5.349,0,0.217,0.014,0.000534,0.354,0.241,169.977,4
7hB5sBKw7oYRf9zCb3m64J,I am YOU,Stray Kids,I am YOU,2018-10-22,204239,52,0.656,0.821,11,-4.741,1,0.188,0.0158,0.0,0.131,0.671,144.972,4
3IX5K3yLw6qzCJqKV4BY91,My Side,Stray Kids,I am YOU,2018-10-22,216788,45,0.569,0.909,0,-4.485,1,0.0906,0.00388,0.0,0.184,0.347,165.989,4
5kEmWjiwh7Ox1FrPTSygvv,Hero's Soup,Stray Kids,I am YOU,2018-10-22,212481,49,0.599,0.559,4,-7.534,0,0.0615,0.307,0.0,0.263,0.0923,171.858,4
3L5yIyKQSYrNTcRhnRoDX3,Get Cool,Stray Kids,I am YOU,2018-10-22,194758,54,0.804,0.854,11,-4.194,0,0.0913,0.0893,0.0,0.27,0.9,151.955,4
7corRczwsPYmhVqHQlebSS,N/S,Stray Kids,I am YOU,2018-10-22,224042,53,0.822,0.669,4,-4.845,0,0.0548,0.00215,0.0,0.1,0.38,129.998,4
3jk3vhFkHRzwfrk1CFsTlY,0325,Stray Kids,I am YOU,2018-10-22,218442,44,0.499,0.854,9,-4.644,0,0.146,0.00718,0.0,0.17,0.59,170.032,4
0VCTvog2ACYgV2aLD0gWwL,WHO?,Stray Kids,I am WHO,2018-08-06,104995,46,0.336,0.844,5,-4.001,1,0.068,0.0421,3.7e-06,0.236,0.385,84.682,4
48MDKHuJ6qte0kAaI25JnN,My Pace,Stray Kids,I am WHO,2018-08-06,189325,57,0.682,0.83,11,-4.234,0,0.254,0.0577,0.0,0.0926,0.784,155.122,4
6SzCDH4tcbbBzB97e85YZ7,Voices,Stray Kids,I am WHO,2018-08-06,200382,51,0.648,0.87,1,-2.475,1,0.0504,0.0169,0.0,0.36,0.298,149.936,4
59k7NnrfR6gCWVFk6k1CUK,Question,Stray Kids,I am WHO,2018-08-06,182699,46,0.758,0.865,4,-2.546,0,0.0909,0.0422,0.0,0.483,0.592,98.055,4
2gZaVIT44gRC8AZfO1LCgP,Insomnia,Stray Kids,I am WHO,2018-08-06,206430,51,0.65,0.748,11,-3.764,0,0.344,0.157,0.0,0.102,0.767,167.954,4
5ewdIS0yEIdJzpwrQozZYm,M.I.A.,Stray Kids,I am WHO,2018-08-06,210737,46,0.82,0.862,0,-3.638,1,0.19,0.146,0.0,0.178,0.608,139.958,4
6qOPM7GV2Yv10hAgFEn6oN,Awkward Silence,Stray Kids,I am WHO,2018-08-06,193751,48,0.577,0.915,10,-2.582,0,0.225,0.288,0.0,0.154,0.765,199.981,4
34MjyCKTNnDNFFXBaadEsy,NOT!,Stray Kids,I am NOT,2018-03-26,82437,44,0.572,0.859,4,-6.511,0,0.333,0.0201,0.000367,0.236,0.404,170.248,3
4A0ZTqmb6131trEdQl2dBW,District 9,Stray Kids,I am NOT,2018-03-26,211762,52,0.529,0.956,9,-1.889,1,0.265,0.0122,3.49e-06,0.119,0.559,179.987,4
5Csp6koco0lc67oVdXN1ZE,Mirror,Stray Kids,I am NOT,2018-03-26,220949,44,0.669,0.829,4,-3.21,0,0.214,0.0197,0.0,0.232,0.445,92.964,4
1nX6zj8G3UF6edXU71ILfV,Awaken,Stray Kids,I am NOT,2018-03-26,193975,44,0.574,0.93,9,-1.778,0,0.231,0.218,0.0,0.507,0.598,82.014,4
2DFiDtcZIefTwohtQTgZGh,ROCK,Stray Kids,I am NOT,2018-03-26,193469,45,0.763,0.829,9,-3.448,0,0.233,0.0196,5.33e-05,0.0485,0.409,141.983,4
1tbmubQRAH84C5aTA0swK7,Grow Up,Stray Kids,I am NOT,2018-03-26,210965,46,0.544,0.934,7,-2.701,1,0.296,0.194,0.0,0.328,0.517,173.909,4
0mxkwjKKaGSh6wEMTxqfZl,3rd Eye,Stray Kids,I am NOT,2018-03-26,243960,47,0.666,0.694,8,-4.401,1,0.336,0.313,0.0,0.124,0.327,139.758,4
7mKXEaBVWuV0dMqN0gaCBm,Hellevator,Stray Kids,Mixtape,2018-01-08,240000,59,0.515,0.816,10,-2.33,1,0.165,0.00816,0.0,0.35,0.288,78.17,4
1HmlkW8pfCumUc5YG0t2Fu,BEWARE,Stray Kids,Mixtape,2018-01-08,189938,46,0.675,0.963,1,-1.884,1,0.171,0.042,0.0,0.397,0.455,97.968,4
0YVZFDS0MfqAkAmNtGgESq,Spread My Wings,Stray Kids,Mixtape,2018-01-08,200409,46,0.668,0.938,11,-2.553,0,0.109,0.169,0.0,0.32,0.615,139.952,4
7Keo3ZZNaFgFiI3inNMFod,YAYAYA,Stray Kids,Mixtape,2018-01-08,201295,46,0.67,0.928,9,-1.482,0,0.239,0.136,0.0,0.225,0.697,132.006,4
43Ell72Hn91lwlAjk6Yy3H,GLOW,Stray Kids,Mixtape,2018-01-08,204345,48,0.69,0.722,7,-4.905,1,0.083,0.398,0.0,0.327,0.604,90.023,4
5vRljtUhnm5H6kpjuXwWe6,School Life,Stray Kids,Mixtape,2018-01-08,216376,48,0.661,0.957,0,-1.602,1,0.0546,0.000527,1.11e-06,0.234,0.476,130.006,4
06LuB4b0rexIz3lWgZXTTf,4419,Stray Kids,Mixtape,2018-01-08,193087,46,0.567,0.83,6,-2.933,1,0.0566,0.391,0.0,0.07,0.659,85.951,4
0Ol6jHqFdJTFmsaISmCCqv,CIRCUS,Stray Kids,CIRCUS,2022-06-22,194440,55,0.767,0.809,5,-3.734,0,0.0958,0.0337,0.0,0.0353,0.69,97.958,4
0XZL9R2exRu1Rpw6KSAeS4,Fairytale,Stray Kids,CIRCUS,2022-06-22,172360,60,0.838,0.749,1,-3.988,1,0.0614,0.136,0.0,0.0634,0.658,120.008,4
14s7yMIqLhXW31laHmKFr9,蜘蛛の糸 (VENOM) -Japanese ver.-,Stray Kids,CIRCUS,2022-06-22,195480,53,0.819,0.804,9,-3.738,1,0.241,0.0845,0.0,0.273,0.435,136.957,4
1m699OxC2mhHsK6I0racqr,MANIAC -Japanese ver.-,Stray Kids,CIRCUS,2022-06-22,184786,49,0.731,0.759,1,-2.869,1,0.256,0.145,0.0,0.064,0.677,90.019,4
6QmZI52HcGpe1rwPVom7DX,Silent Cry -Japanese ver.-,Stray Kids,CIRCUS,2022-06-22,211226,53,0.69,0.879,5,-3.238,0,0.0729,0.15,0.0,0.331,0.589,104.049,4
23ODJKtDgVZ1Lt4YdQbH5B,Your Eyes,Stray Kids,CIRCUS,2022-06-22,196386,50,0.782,0.533,2,-6.178,1,0.0417,0.169,0.0,0.228,0.585,129.82,4
2uw2ftfyS4yJLWiTtbxasE,CIRCUS,Stray Kids,CIRCUS,2022-06-10,194440,76,0.767,0.809,5,-3.734,0,0.0958,0.0337,0.0,0.0353,0.69,97.958,4
25nbyqD4oqWU0RaXuAc74t,Your Eyes,Stray Kids,Your Eyes,2022-06-01,196386,67,0.782,0.533,2,-6.178,1,0.0417,0.169,0.0,0.228,0.585,129.82,4
6X5yUYQz3bKq0EZ0n82rqP,MANIAC -Japanese ver.-,Stray Kids,MANIAC -Japanese ver.-,2022-05-18,184786,62,0.731,0.759,1,-2.869,1,0.256,0.145,0.0,0.064,0.677,90.019,4
5npCUsfrlhdyjxyCa32maW,Christmas EveL,Stray Kids,Christmas EveL,2021-11-29,178529,68,0.878,0.777,5,-3.702,0,0.163,0.0437,0.0,0.401,0.878,139.989,4
6WM7pRXIeXuZ3Wowi9v1Wr,24 to 25,Stray Kids,Christmas EveL,2021-11-29,216773,56,0.681,0.455,4,-4.967,1,0.0288,0.533,0.0,0.0896,0.376,92.01,4
0BeqHPNJSLzfH8TZ7Adpb3,Winter Falls,Stray Kids,Christmas EveL,2021-11-29,235386,60,0.67,0.736,11,-4.811,0,0.105,0.07,0.0,0.091,0.512,97.974,4
0b9YBfAcbnhVDUFmsfpDFj,DOMINO - English Ver.,Stray Kids,Christmas EveL,2021-11-29,198733,59,0.68,0.877,7,-2.21,1,0.0425,0.0277,0.0,0.0731,0.69,160.063,4
549kQx5nEifbs0dML2zcZo,Scars,Stray Kids,Scars / ソリクン -Japanese ver.-,2021-10-13,200546,46,0.542,0.671,0,-4.109,1,0.084,0.0303,0.0,0.123,0.451,79.997,4
1xUzoqqXY4MxdUqgDNL5ip,ソリクン -Japanese ver.-,Stray Kids,Scars / ソリクン -Japanese ver.-,2021-10-13,185120,38,0.601,0.765,5,-3.691,0,0.237,0.152,0.0,0.134,0.747,172.07,4
40eQ3f56CJ34Io5JXKn5rF,CALL,Stray Kids,Scars / ソリクン -Japanese ver.-,2021-10-13,167426,56,0.84,0.698,10,-5.663,1,0.192,0.215,0.0,0.149,0.846,89.977,4
2WdnAdw7zpgU0FRkGiRV8n,Here Always (SEUNGMIN of Stray Kids),Stray Kids,"Hometown Cha-Cha-Cha, Pt. 7 (Original Television Soundtrack)",2021-10-10,254771,61,0.573,0.39,2,-8.017,1,0.0272,0.345,2.64e-06,0.104,0.118,82.035,4
6W0opcAxxH4LmLjiyafIyl,Here Always (SEUNGMIN of Stray Kids) - Instrumental,Stray Kids,"Hometown Cha-Cha-Cha, Pt. 7 (Original Television Soundtrack)",2021-10-10,254771,33,0.641,0.315,7,-9.827,1,0.0296,0.132,0.863,0.106,0.0387,82.025,4
4C9Zhjq5ux9ieiDWYfFcfP,Scars,Stray Kids,Scars,2021-10-06,200546,61,0.542,0.671,0,-4.109,1,0.084,0.0303,0.0,0.123,0.451,79.997,4
3oCzyOYIjAMAg1rGvTmr5o,ソリクン -Japanese ver.-,Stray Kids,ソリクン -Japanese ver.-,2021-09-23,183266,45,0.6,0.762,5,-3.692,0,0.239,0.156,0.0,0.208,0.773,172.058,4
0hSzkx76B91cIqQk3lCM3r,Mixtape : OH,Stray Kids,Mixtape : OH,2021-06-26,212480,46,0.71,0.684,11,-4.398,0,0.0772,0.201,0.0,0.149,0.626,87.903,4
3csbMYO3DEWUpHemWaXlaH,Going Dumb (with Stray Kids) [Mike Williams Remix],Alesso,Going Dumb (with Stray Kids) [Mike Williams Remix],2021-05-28,166875,44,0.776,0.739,6,-6.175,0,0.233,0.0258,1.28e-05,0.114,0.634,128.058,4
7arsXR8AtExnOFN3v3HiJI,Going Dumb,Alesso,Going Dumb,2021-03-19,168601,68,0.834,0.678,6,-6.242,0,0.0515,0.0546,0.263,0.103,0.551,121.995,4
3Ea1CNsTqBY4RtAESrBeNI,Going Dumb (with Stray Kids),Alesso,Going Dumb,2021-03-19,169506,63,0.834,0.651,6,-4.855,0,0.0595,0.153,0.0,0.146,0.49,121.978,4
3bT5zY5OCspnWmGU8TbxGi,ALL IN - Korean Ver.,Stray Kids,ALL IN (Korean Ver.),2020-11-26,184597,51,0.735,0.836,7,-5.704,1,0.204,0.0696,0.0,0.0947,0.814,140.02,4
1bIbXKrXRxfNh1l9a9lN2Q,ALL IN,Stray Kids,ALL IN,2020-10-20,187186,59,0.74,0.834,0,-5.751,1,0.293,0.0392,0.0,0.0568,0.775,139.961,4
7p1Cyfo5Wt0c5YJPHQcUJW,Back Door -Japanese ver.-,Stray Kids,Back Door -Japanese ver.-,2020-10-13,191360,36,0.826,0.832,7,-3.377,0,0.295,0.143,0.0,0.0741,0.664,107.984,4
79jqCoIi1bwD1w2KVCn4VL,神メニュー -Japanese ver.-,Stray Kids,神メニュー -Japanese ver.-,2020-10-07,170786,36,0.684,0.82,5,-2.478,0,0.0504,0.00363,0.0,0.396,0.311,156.999,4
2PujZcAaAMGsOeTUjrzkrz,Hello Stranger,Stray Kids,POP OUT BOY! Part.1,2020-07-16,239653,54,0.706,0.865,8,-3.103,1,0.0686,0.0232,0.0,0.328,0.667,99.999,4
4JTPA2EfxvcPC3l6iusdnA,Hello Stranger (inst.),Stray Kids,POP OUT BOY! Part.1,2020-07-16,239653,28,0.696,0.808,10,-5.39,0,0.0487,0.000578,0.859,0.336,0.646,99.998,4
4UV1PJZFkjuzVxrPkgNh6X,TOP -Japanese ver.-,Stray Kids,TOP -Japanese ver.-,2020-05-26,188013,46,0.629,0.965,7,-1.565,1,0.0939,0.00146,0.0,0.254,0.43,98.024,4
3HjisHgaiGPIcCVI7ozBxY,SLUMP -Japanese ver.-,Stray Kids,TOP -Japanese ver.-,2020-05-26,137080,34,0.592,0.83,7,-3.367,1,0.213,0.145,0.0,0.124,0.751,159.887,4
0yDK2hOXbc8RhxNo3DOX2p,TOP (Instrumental),Stray Kids,TOP -Japanese ver.-,2020-05-26,188013,29,0.584,0.939,7,-3.125,1,0.0381,3.72e-05,0.939,0.273,0.157,97.995,4
7GpApJuGyURffqtbgCHrJN,SLUMP (Instrumental),Stray Kids,TOP -Japanese ver.-,2020-05-26,136226,31,0.575,0.66,7,-7.027,1,0.0295,0.0017,0.0757,0.0942,0.456,160.083,4
2wkkamnFrdc7fkgtVqTODc,TOP - English Ver.,Stray Kids,TOP (English Ver.),2020-05-20,185839,46,0.616,0.949,7,-1.457,1,0.187,0.0026,0.0,0.166,0.33,97.942,4
48YxQWV3Fk6AhXVuAaN6ak,SLUMP - English Ver.,Stray Kids,TOP (English Ver.),2020-05-20,134840,55,0.599,0.843,7,-3.683,1,0.127,0.119,0.0,0.621,0.618,159.969,4
00gd5jfJPOmxCKGHpew7zu,"TOP - ""Tower of God"" OP",Stray Kids,TOP,2020-05-13,185840,38,0.445,0.947,7,-1.469,1,0.261,0.00384,0.0,0.118,0.342,195.715,4
6tYFtqCatUdOxBYBCUzOnR,"SLUMP - ""Tower of God"" ED",Stray Kids,TOP,2020-05-13,134840,34,0.608,0.87,7,-3.498,1,0.161,0.156,0.0,0.627,0.664,160.073,4
47bH8n39mkMHosMkniJRq0,SLUMP -Japanese ver.-,Stray Kids,SLUMP -Japanese ver.-,2020-05-06,137080,49,0.592,0.83,7,-3.367,1,0.213,0.145,0.0,0.124,0.751,159.887,4
38lvxgmSZ44mELX6PghSEk,TOP -Japanese ver.-,Stray Kids,TOP -Japanese ver.-,2020-04-28,188013,31,0.629,0.965,7,-1.565,1,0.0939,0.00146,0.0,0.254,0.43,98.024,4
2MYXIgYwlj1J0Tf6IXXed6,Mixtape : On Track,Stray Kids,Mixtape : On Track,2020-03-25,207814,40,0.44,0.79,6,-2.834,1,0.105,0.211,0.0,0.49,0.546,171.15,3
4RBVjeX3TfKeMBfQtAiA38,風 (Levanter) -Japanese ver.-,Stray Kids,風 (Levanter) -Japanese ver.-,2020-03-09,197440,37,0.558,0.697,9,-4.864,1,0.0588,0.00397,0.0,0.52,0.373,149.95,4
5Pbb3WchypoXLxkXaOCemH,Double Knot -Japanese ver.-,Stray Kids,Double Knot -Japanese ver.-,2020-02-18,191440,38,0.755,0.72,5,-4.975,0,0.392,0.0633,0.0,0.109,0.562,147.034,4
0fREGqFdul0GnsIuxU7aEh,My Pace -Japanese ver.-,Stray Kids,My Pace -Japanese ver.-,2020-01-31,189149,38,0.664,0.867,11,-4.099,0,0.275,0.0163,0.0,0.0954,0.703,154.999,4
5alifvW0L5t3Ei71aeDVax,Double Knot - English Ver.,Stray Kids,Step Out of Clé (English Ver.),2020-01-24,189758,47,0.736,0.698,5,-5.458,0,0.317,0.0465,0.0,0.47,0.624,146.951,4
5sPdWGv1MlA0qHzjN9hPPv,Levanter - English Ver.,Stray Kids,Step Out of Clé (English Ver.),2020-01-24,195671,53,0.581,0.727,9,-4.419,1,0.0566,0.00912,0.0,0.544,0.448,149.971,4
1oND8pWcWQByWyKDrxmGgh,Mixtape : Gone Days,Stray Kids,Mixtape : Gone Days,2019-12-26,196839,37,0.897,0.837,1,-4.135,1,0.0645,0.143,0.0,0.0567,0.844,135.027,4
0KHCa8hM5Jff6Ji0JxQYMb,끝나지 않을 이야기,Stray Kids,Extraordinary You Pt.7 (Original Television Soundtrack),2019-11-07,244866,62,0.447,0.57,5,-6.196,1,0.0839,0.138,0.0,0.107,0.37,79.801,4
2b2wyqQRUsWfUnTMuQROGT,끝나지 않을 이야기 Instrumental,Stray Kids,Extraordinary You Pt.7 (Original Television Soundtrack),2019-11-07,244865,32,0.602,0.558,5,-10.284,1,0.0298,0.00836,0.796,0.106,0.2,80.011,4
54O3CSVHE1nVVR19RKrIwe,Double Knot,Stray Kids,Double Knot,2019-10-09,189771,41,0.716,0.814,5,-2.889,0,0.35,0.0466,0.0,0.607,0.575,146.953,4
1fBirzBj8XiiXFlhUMGoAl,Hellevator,Stray Kids,Hellevator,2017-11-01,240000,39,0.515,0.816,10,-2.33,1,0.165,0.00816,0.0,0.35,0.288,78.17,4
4iNXUjXMr6rVJxH7a7yvGq,Hellevator,Stray Kids,SKZ2020,2020-03-18,239133,59,0.506,0.829,7,-2.109,0,0.163,0.0119,0.0,0.258,0.353,78.183,4
4xvA5uuQrpdGXoO2Mv72Kb,BEWARE,Stray Kids,SKZ2020,2020-03-18,190653,52,0.676,0.951,1,-2.649,1,0.239,0.0414,0.0,0.378,0.393,98.034,4
0cYKULL0oKenKk6IkubNUn,Spread My Wings,Stray Kids,SKZ2020,2020-03-18,202120,54,0.68,0.944,11,-3.463,0,0.192,0.149,0.0,0.238,0.661,139.885,4
289yMKn2spa548pE3u7oPc,YAYAYA,Stray Kids,SKZ2020,2020-03-18,202666,54,0.674,0.937,9,-1.686,0,0.223,0.108,0.0,0.0969,0.7,132.036,4
430IfeGHWJxnZOkhBYACt9,District 9,Stray Kids,SKZ2020,2020-03-18,213586,60,0.646,0.954,9,-1.899,1,0.18,0.017,5.87e-06,0.122,0.513,89.999,4
6War9Nidwyd881TDnaKWV8,Mirror,Stray Kids,SKZ2020,2020-03-18,222440,52,0.589,0.85,4,-3.763,0,0.276,0.0134,0.0,0.121,0.518,185.936,4
2XwBhQ6GqXa27dh8ELQOPE,Grow Up,Stray Kids,SKZ2020,2020-03-18,213040,57,0.552,0.944,7,-3.256,1,0.249,0.114,0.0,0.353,0.626,174.089,4
4yJUQqcnYkDafFzguSbZAl,My Pace,Stray Kids,SKZ2020,2020-03-18,190306,60,0.678,0.82,11,-4.278,0,0.243,0.0413,0.0,0.127,0.777,155.128,4
3zutAkkwy9Ucd9l4H4EReH,Voices,Stray Kids,SKZ2020,2020-03-18,202120,57,0.667,0.872,1,-3.561,1,0.0726,0.0205,0.0,0.35,0.299,149.967,4
2vfgmmnUDkZNs75AJm7lev,Question,Stray Kids,SKZ2020,2020-03-18,184360,55,0.772,0.814,4,-4.295,0,0.0793,0.0179,0.0,0.0808,0.531,98.026,4
4qB1r2kVuMjWhnHLk6N9m7,M.I.A.,Stray Kids,SKZ2020,2020-03-18,211626,53,0.813,0.879,9,-4.141,0,0.173,0.17,0.0,0.151,0.652,139.997,4
2mBtKEUCZVh9BTDhlj5OiW,Awkward Silence,Stray Kids,SKZ2020,2020-03-18,195320,56,0.573,0.893,10,-2.985,0,0.243,0.0957,0.0,0.0974,0.725,200.11,4
6ZRkZgq3o9ouLJTELktXmL,I am YOU,Stray Kids,SKZ2020,2020-03-18,206840,56,0.65,0.861,11,-3.905,1,0.218,0.0131,0.0,0.144,0.659,144.942,4
0uUOYmOu7V6v18XLkVtjDF,Get Cool,Stray Kids,SKZ2020,2020-03-18,196440,58,0.802,0.853,2,-4.172,1,0.113,0.0742,0.0,0.28,0.956,151.958,4
3888prAY7qaqRx1vjQZSdI,MIROH,Stray Kids,SKZ2020,2020-03-18,208666,62,0.564,0.976,9,-3.198,1,0.132,0.00946,0.0,0.337,0.449,126.077,4
1StYAeSCACp9ZlaJ4uxAf3,Victory Song,Stray Kids,SKZ2020,2020-03-18,198053,57,0.736,0.812,7,-3.997,1,0.107,0.00654,0.0,0.159,0.52,103.034,4
09i5WtpyEswhWwzmucaAVw,Boxer,Stray Kids,SKZ2020,2020-03-18,202293,56,0.585,0.903,2,-3.471,1,0.133,0.00716,0.0,0.185,0.462,104.891,4
58epKNTOOt4RDWObkR9e43,Chronosaurus,Stray Kids,SKZ2020,2020-03-18,200440,56,0.668,0.883,2,-2.73,1,0.0488,0.289,0.0,0.28,0.455,100.008,4
4FIEtn5MqtRyAHpPJDsDkj,19,Stray Kids,SKZ2020,2020-03-18,206440,54,0.788,0.667,10,-4.473,1,0.224,0.439,0.0,0.0972,0.379,105.004,4
39doHPm8Vsicb2kuD0weyZ,Side Effects,Stray Kids,SKZ2020,2020-03-18,195253,60,0.595,0.98,2,-1.667,1,0.168,0.0223,0.0,0.0667,0.143,97.452,3
7g2BHf27dzC61uSW3s4G0F,TMT,Stray Kids,SKZ2020,2020-03-18,209026,53,0.8,0.84,2,-3.921,1,0.0639,0.0657,0.0,0.0555,0.558,131.994,4
1Sftw4WKhFJGv7qQXlse4Y,Double Knot,Stray Kids,SKZ2020,2020-03-18,191546,59,0.752,0.738,5,-5.341,0,0.365,0.0541,0.0,0.526,0.585,146.944,4
4obrd9niIX70q5At9HURLd,Levanter,Stray Kids,SKZ2020,2020-03-18,197706,54,0.56,0.695,9,-4.697,1,0.0588,0.00753,0.0,0.534,0.358,149.95,4
4TXHE0TVqmAMmCRfGurb15,Astronaut,Stray Kids,SKZ2020,2020-03-18,180053,54,0.739,0.84,1,-6.555,0,0.104,0.0189,0.0,0.183,0.627,120.05,4
